{
  "1": -16.08187008012678,
  "12": -5454.2237930324745,
  "14": -7876.15151826516,
  "15": -9288.191277078351,
  "16": -10830.783180403474,
  "17": -12518.579945651683,
  "22": -23139.33728742224,
  "23": -25702.011075415387,
  "24": -28432.293003774164,
  "27": -37620.63876973487,
  "29": -44590.19464833758,
  "32": -56487.14803606575,
  "34": -41615.65879611871,
  "35": -70045.91240480705,
  "37": -666.3999474700421,
  "43": -2229.5347213972286,
  "44": -2584.892073237468,
  "49": -5190.611211891116,
  "5": -678.685679701543,
  "52": -7273.834515845153,
  "53": -8101.376788635852,
  "6": -1037.0774268396692,
  "62": -41615.658796118776,
  "7": -1490.8557828262287,
  "73": -1538.018524277811,
  "76": -2446.1239974677515,
  "77": -2829.6799597616455,
  "8": -2046.973189995233,
  "81": -4698.720972695598,
  "9": -2717.1167800748235
}